Y1_STATEFIPS,Y1_COUNTYFIPS,Y2_STATEFIPS,Y2_COUNTYFIPS,Y2_STATE,Y2_COUNTYNAME,N1,N2,AGI,n_returns,n_individuals,agi_thousands,origin_fips5,dest_fips5,mean_agi
36,001,12,099,FL,Palm Beach County,49,78,7731,49,78,7731,36001,12099,157775.51020408163
36,001,12,057,FL,Hillsborough County,46,56,4022,46,56,4022,36001,12057,87434.78260869565
36,001,12,095,FL,Orange County,36,58,2052,36,58,2052,36001,12095,57000.0
36,001,12,011,FL,Broward County,34,43,2542,34,43,2542,36001,12011,74764.70588235294
36,001,12,071,FL,Lee County,32,52,6744,32,52,6744,36001,12071,210750.0
36,001,12,103,FL,Pinellas County,31,52,3120,31,52,3120,36001,12103,100645.16129032258
36,001,12,009,FL,Brevard County,29,44,1729,29,44,1729,36001,12009,59620.68965517241
36,001,12,115,FL,Sarasota County,27,54,4293,27,54,4293,36001,12115,159000.0
36,001,12,021,FL,Collier County,26,50,9546,26,50,9546,36001,12021,367153.8461538461
36,001,12,086,FL,Miami-Dade County,25,36,1997,25,36,1997,36001,12086,79880.0
36,001,12,105,FL,Polk County,22,45,1373,22,45,1373,36001,12105,62409.09090909091
36,001,12,081,FL,Manatee County,21,28,2454,21,28,2454,36001,12081,116857.14285714286
36,001,12,101,FL,Pasco County,21,43,1943,21,43,1943,36001,12101,92523.80952380953
36,001,12,127,FL,Volusia County,21,36,1838,21,36,1838,36001,12127,87523.80952380953
36,005,12,095,FL,Orange County,517,983,23644,517,983,23644,36005,12095,45733.07543520309
36,005,12,011,FL,Broward County,430,713,23362,430,713,23362,36005,12011,54330.232558139534
36,005,12,086,FL,Miami-Dade County,378,567,21794,378,567,21794,36005,12086,57656.084656084655
36,005,12,097,FL,Osceola County,378,724,17252,378,724,17252,36005,12097,45640.21164021164
36,005,12,057,FL,Hillsborough County,343,622,17400,343,622,17400,36005,12057,50728.86297376093
36,005,12,105,FL,Polk County,328,618,14065,328,618,14065,36005,12105,42881.09756097561
36,005,12,099,FL,Palm Beach County,238,411,15301,238,411,15301,36005,12099,64289.91596638656
36,005,12,117,FL,Seminole County,142,272,7099,142,272,7099,36005,12117,49992.957746478874
36,005,12,069,FL,Lake County,101,180,5482,101,180,5482,36005,12069,54277.22772277228
36,005,12,127,FL,Volusia County,101,194,4875,101,194,4875,36005,12127,48267.32673267327
36,005,12,031,FL,Duval County,100,171,5075,100,171,5075,36005,12031,50750.0
36,005,12,111,FL,St. Lucie County,93,162,5874,93,162,5874,36005,12111,63161.290322580644
36,005,12,101,FL,Pasco County,91,176,6423,91,176,6423,36005,12101,70582.41758241758
36,005,12,071,FL,Lee County,89,177,5488,89,177,5488,36005,12071,61662.92134831461
36,005,12,103,FL,Pinellas County,87,129,5175,87,129,5175,36005,12103,59482.75862068965
36,005,12,009,FL,Brevard County,82,131,4404,82,131,4404,36005,12009,53707.31707317073
36,005,12,083,FL,Marion County,68,111,3251,68,111,3251,36005,12083,47808.82352941176
36,005,12,053,FL,Hernando County,39,69,2077,39,69,2077,36005,12053,53256.41025641026
36,005,12,081,FL,Manatee County,37,56,2463,37,56,2463,36005,12081,66567.56756756757
36,005,12,115,FL,Sarasota County,31,53,7940,31,53,7940,36005,12115,256129.03225806452
36,005,12,035,FL,Flagler County,29,45,1514,29,45,1514,36005,12035,52206.89655172414
36,005,12,021,FL,Collier County,26,43,2092,26,43,2092,36005,12021,80461.53846153847
36,005,12,001,FL,Alachua County,24,41,935,24,41,935,36005,12001,38958.333333333336
36,007,12,057,FL,Hillsborough County,29,42,1784,29,42,1784,36007,12057,61517.24137931035
36,007,12,103,FL,Pinellas County,26,36,1443,26,36,1443,36007,12103,55500.0
36,007,12,099,FL,Palm Beach County,24,40,2273,24,40,2273,36007,12099,94708.33333333333
36,007,12,009,FL,Brevard County,22,33,1502,22,33,1502,36007,12009,68272.72727272728
36,027,12,099,FL,Palm Beach County,85,132,16167,85,132,16167,36027,12099,190200.0
36,027,12,057,FL,Hillsborough County,52,85,3672,52,85,3672,36027,12057,70615.38461538461
36,027,12,071,FL,Lee County,50,87,4505,50,87,4505,36027,12071,90100.0
36,027,12,011,FL,Broward County,48,69,3789,48,69,3789,36027,12011,78937.5
36,027,12,095,FL,Orange County,40,68,3279,40,68,3279,36027,12095,81975.0
36,027,12,127,FL,Volusia County,38,56,2274,38,56,2274,36027,12127,59842.10526315789
36,027,12,101,FL,Pasco County,31,55,2587,31,55,2587,36027,12101,83451.6129032258
36,027,12,009,FL,Brevard County,29,54,1714,29,54,1714,36027,12009,59103.44827586207
36,027,12,086,FL,Miami-Dade County,28,38,3144,28,38,3144,36027,12086,112285.71428571429
36,027,12,021,FL,Collier County,26,41,3223,26,41,3223,36027,12021,123961.53846153847
36,027,12,083,FL,Marion County,26,52,1958,26,52,1958,36027,12083,75307.69230769231
36,027,12,103,FL,Pinellas County,26,33,1734,26,33,1734,36027,12103,66692.30769230769
36,027,12,031,FL,Duval County,25,47,1256,25,47,1256,36027,12031,50240.0
36,027,12,115,FL,Sarasota County,24,43,3695,24,43,3695,36027,12115,153958.33333333334
36,027,12,061,FL,Indian River County,21,42,2733,21,42,2733,36027,12061,130142.85714285714
36,029,12,057,FL,Hillsborough County,178,315,12598,178,315,12598,36029,12057,70775.2808988764
36,029,12,071,FL,Lee County,146,236,23656,146,236,23656,36029,12071,162027.39726027398
36,029,12,103,FL,Pinellas County,124,177,8848,124,177,8848,36029,12103,71354.83870967742
36,029,12,095,FL,Orange County,107,164,7792,107,164,7792,36029,12095,72822.42990654205
36,029,12,011,FL,Broward County,93,143,16986,93,143,16986,36029,12011,182645.16129032258
36,029,12,101,FL,Pasco County,85,157,5823,85,157,5823,36029,12101,68505.88235294117
36,029,12,099,FL,Palm Beach County,80,149,16119,80,149,16119,36029,12099,201487.5
36,029,12,115,FL,Sarasota County,78,137,12112,78,137,12112,36029,12115,155282.05128205128
36,029,12,081,FL,Manatee County,75,142,13982,75,142,13982,36029,12081,186426.66666666666
36,029,12,105,FL,Polk County,72,143,3988,72,143,3988,36029,12105,55388.88888888889
36,029,12,031,FL,Duval County,59,100,3142,59,100,3142,36029,12031,53254.23728813559
36,029,12,086,FL,Miami-Dade County,57,73,10107,57,73,10107,36029,12086,177315.7894736842
36,029,12,097,FL,Osceola County,57,117,2307,57,117,2307,36029,12097,40473.68421052631
36,029,12,127,FL,Volusia County,55,93,3350,55,93,3350,36029,12127,60909.09090909091
36,029,12,009,FL,Brevard County,48,88,5188,48,88,5188,36029,12009,108083.33333333333
36,029,12,069,FL,Lake County,48,76,4287,48,76,4287,36029,12069,89312.5
36,029,12,021,FL,Collier County,42,81,29816,42,81,29816,36029,12021,709904.7619047619
36,029,12,119,FL,Sumter County,39,53,3228,39,53,3228,36029,12119,82769.23076923077
36,029,12,053,FL,Hernando County,32,55,2078,32,55,2078,36029,12053,64937.5
36,029,12,083,FL,Marion County,32,58,1686,32,58,1686,36029,12083,52687.5
36,029,12,111,FL,St. Lucie County,29,56,3097,29,56,3097,36029,12111,106793.10344827586
36,029,12,015,FL,Charlotte County,27,40,1797,27,40,1797,36029,12015,66555.55555555556
36,029,12,061,FL,Indian River County,23,47,4064,23,47,4064,36029,12061,176695.65217391305
36,029,12,117,FL,Seminole County,21,43,974,21,43,974,36029,12117,46380.95238095238
36,029,12,001,FL,Alachua County,20,28,1008,20,28,1008,36029,12001,50400.0
36,029,12,109,FL,St. Johns County,20,54,3200,20,54,3200,36029,12109,160000.0
36,045,12,105,FL,Polk County,23,57,1226,23,57,1226,36045,12105,53304.34782608696
36,045,12,009,FL,Brevard County,22,50,1280,22,50,1280,36045,12009,58181.818181818184
36,047,12,086,FL,Miami-Dade County,1107,1659,169855,1107,1659,169855,36047,12086,153437.21770551038
36,047,12,011,FL,Broward County,1000,1667,84632,1000,1667,84632,36047,12011,84632.0
36,047,12,099,FL,Palm Beach County,670,1167,83392,670,1167,83392,36047,12099,124465.67164179105
36,047,12,095,FL,Orange County,551,923,30170,551,923,30170,36047,12095,54754.99092558984
36,047,12,057,FL,Hillsborough County,348,576,23939,348,576,23939,36047,12057,68790.22988505747
36,047,12,097,FL,Osceola County,250,440,13432,250,440,13432,36047,12097,53728.0
36,047,12,105,FL,Polk County,211,412,12106,211,412,12106,36047,12105,57374.40758293839
36,047,12,031,FL,Duval County,159,287,11038,159,287,11038,36047,12031,69421.38364779874
36,047,12,103,FL,Pinellas County,137,220,12703,137,220,12703,36047,12103,92722.62773722627
36,047,12,101,FL,Pasco County,133,238,9625,133,238,9625,36047,12101,72368.42105263157
36,047,12,071,FL,Lee County,131,204,8977,131,204,8977,36047,12071,68526.7175572519
36,047,12,117,FL,Seminole County,120,207,7109,120,207,7109,36047,12117,59241.666666666664
36,047,12,009,FL,Brevard County,118,183,6591,118,183,6591,36047,12009,55855.93220338983
36,047,12,111,FL,St. Lucie County,118,200,8752,118,200,8752,36047,12111,74169.49152542373
36,047,12,115,FL,Sarasota County,114,194,12827,114,194,12827,36047,12115,112517.54385964913
36,047,12,069,FL,Lake County,104,174,5620,104,174,5620,36047,12069,54038.46153846154
36,047,12,127,FL,Volusia County,98,153,4539,98,153,4539,36047,12127,46316.32653061225
36,047,12,083,FL,Marion County,75,152,3966,75,152,3966,36047,12083,52880.0
36,047,12,021,FL,Collier County,67,110,11252,67,110,11252,36047,12021,167940.2985074627
36,047,12,109,FL,St. Johns County,61,130,8453,61,130,8453,36047,12109,138573.77049180327
36,047,12,081,FL,Manatee County,58,99,8528,58,99,8528,36047,12081,147034.4827586207
36,047,12,001,FL,Alachua County,46,66,2155,46,66,2155,36047,12001,46847.82608695652
36,047,12,053,FL,Hernando County,38,71,2073,38,71,2073,36047,12053,54552.63157894737
36,047,12,035,FL,Flagler County,37,67,1970,37,67,1970,36047,12035,53243.24324324324
36,047,12,019,FL,Clay County,30,55,1675,30,55,1675,36047,12019,55833.333333333336
36,047,12,005,FL,Bay County,22,32,696,22,32,696,36047,12005,31636.363636363636
36,047,12,015,FL,Charlotte County,22,26,1220,22,26,1220,36047,12015,55454.545454545456
36,047,12,033,FL,Escambia County,22,31,1555,22,31,1555,36047,12033,70681.81818181818
36,047,12,085,FL,Martin County,22,27,1839,22,27,1839,36047,12085,83590.90909090909
36,047,12,017,FL,Citrus County,20,37,1504,20,37,1504,36047,12017,75200.0
36,047,12,119,FL,Sumter County,20,25,2956,20,25,2956,36047,12119,147800.0
36,055,12,057,FL,Hillsborough County,157,250,10616,157,250,10616,36055,12057,67617.83439490446
36,055,12,103,FL,Pinellas County,108,187,8894,108,187,8894,36055,12103,82351.85185185185
36,055,12,095,FL,Orange County,103,205,4270,103,205,4270,36055,12095,41456.31067961165
36,055,12,071,FL,Lee County,100,186,10873,100,186,10873,36055,12071,108730.0
36,055,12,105,FL,Polk County,81,162,3739,81,162,3739,36055,12105,46160.49382716049
36,055,12,099,FL,Palm Beach County,80,132,25214,80,132,25214,36055,12099,315175.0
36,055,12,011,FL,Broward County,77,111,7124,77,111,7124,36055,12011,92519.48051948052
36,055,12,009,FL,Brevard County,61,101,6133,61,101,6133,36055,12009,100540.98360655738
36,055,12,115,FL,Sarasota County,61,100,10367,61,100,10367,36055,12115,169950.81967213115
36,055,12,081,FL,Manatee County,60,112,5924,60,112,5924,36055,12081,98733.33333333333
36,055,12,086,FL,Miami-Dade County,57,95,5873,57,95,5873,36055,12086,103035.08771929824
36,055,12,031,FL,Duval County,54,85,3639,54,85,3639,36055,12031,67388.88888888889
36,055,12,101,FL,Pasco County,51,95,3320,51,95,3320,36055,12101,65098.03921568627
36,055,12,127,FL,Volusia County,45,73,3600,45,73,3600,36055,12127,80000.0
36,055,12,097,FL,Osceola County,41,72,2025,41,72,2025,36055,12097,49390.243902439026
36,055,12,083,FL,Marion County,39,71,2471,39,71,2471,36055,12083,63358.97435897436
36,055,12,119,FL,Sumter County,38,58,3880,38,58,3880,36055,12119,102105.26315789473
36,055,12,117,FL,Seminole County,36,83,2475,36,83,2475,36055,12117,68750.0
36,055,12,069,FL,Lake County,35,55,2084,35,55,2084,36055,12069,59542.857142857145
36,055,12,021,FL,Collier County,32,64,9753,32,64,9753,36055,12021,304781.25
36,055,12,015,FL,Charlotte County,28,50,3632,28,50,3632,36055,12015,129714.28571428571
36,055,12,111,FL,St. Lucie County,24,39,1766,24,39,1766,36055,12111,73583.33333333333
36,059,12,099,FL,Palm Beach County,1139,1927,404812,1139,1927,404812,36059,12099,355410.00877963123
36,059,12,011,FL,Broward County,531,863,81486,531,863,81486,36059,12011,153457.62711864407
36,059,12,086,FL,Miami-Dade County,383,574,96967,383,574,96967,36059,12086,253177.545691906
36,059,12,057,FL,Hillsborough County,272,486,27787,272,486,27787,36059,12057,102158.08823529411
36,059,12,095,FL,Orange County,251,470,26581,251,470,26581,36059,12095,105900.3984063745
36,059,12,071,FL,Lee County,182,301,31570,182,301,31570,36059,12071,173461.53846153847
36,059,12,111,FL,St. Lucie County,153,254,25744,153,254,25744,36059,12111,168261.43790849674
36,059,12,103,FL,Pinellas County,146,231,16998,146,231,16998,36059,12103,116424.65753424658
36,059,12,021,FL,Collier County,140,243,31737,140,243,31737,36059,12021,226692.85714285713
36,059,12,101,FL,Pasco County,138,274,15090,138,274,15090,36059,12101,109347.82608695653
36,059,12,097,FL,Osceola County,115,212,10076,115,212,10076,36059,12097,87617.39130434782
36,059,12,009,FL,Brevard County,108,188,10772,108,188,10772,36059,12009,99740.74074074074
36,059,12,105,FL,Polk County,106,179,6556,106,179,6556,36059,12105,61849.056603773584
36,059,12,115,FL,Sarasota County,103,183,18182,103,183,18182,36059,12115,176524.2718446602
36,059,12,081,FL,Manatee County,92,168,12579,92,168,12579,36059,12081,136728.26086956522
36,059,12,109,FL,St. Johns County,90,229,14366,90,229,14366,36059,12109,159622.22222222222
36,059,12,117,FL,Seminole County,86,164,5763,86,164,5763,36059,12117,67011.62790697675
36,059,12,031,FL,Duval County,79,145,5530,79,145,5530,36059,12031,70000.0
36,059,12,069,FL,Lake County,73,137,5354,73,137,5354,36059,12069,73342.46575342465
36,059,12,127,FL,Volusia County,70,109,7378,70,109,7378,36059,12127,105400.0
36,059,12,061,FL,Indian River County,62,103,7742,62,103,7742,36059,12061,124870.96774193548
36,059,12,085,FL,Martin County,62,109,26073,62,109,26073,36059,12085,420532.2580645161
36,059,12,083,FL,Marion County,48,84,3628,48,84,3628,36059,12083,75583.33333333333
36,059,12,119,FL,Sumter County,40,64,6312,40,64,6312,36059,12119,157800.0
36,059,12,015,FL,Charlotte County,39,63,3423,39,63,3423,36059,12015,87769.23076923077
36,059,12,035,FL,Flagler County,38,63,6552,38,63,6552,36059,12035,172421.05263157896
36,059,12,053,FL,Hernando County,36,59,2865,36,59,2865,36059,12053,79583.33333333333
36,061,12,086,FL,Miami-Dade County,1873,2676,1605051,1873,2676,1605051,36061,12086,856941.2706887346
36,061,12,099,FL,Palm Beach County,852,1314,474319,852,1314,474319,36061,12099,556712.441314554
36,061,12,011,FL,Broward County,608,903,113191,608,903,113191,36061,12011,186169.40789473685
36,061,12,031,FL,Duval County,537,907,388768,537,907,388768,36061,12031,723962.7560521415
36,061,12,095,FL,Orange County,300,486,30200,300,486,30200,36061,12095,100666.66666666667
36,061,12,057,FL,Hillsborough County,292,456,44809,292,456,44809,36061,12057,153455.4794520548
36,061,12,103,FL,Pinellas County,180,237,46548,180,237,46548,36061,12103,258600.0
36,061,12,021,FL,Collier County,124,179,164501,124,179,164501,36061,12021,1326620.9677419355
36,061,12,097,FL,Osceola County,121,195,8067,121,195,8067,36061,12097,66669.42148760331
36,061,12,115,FL,Sarasota County,111,150,31874,111,150,31874,36061,12115,287153.15315315314
36,061,12,071,FL,Lee County,91,133,25038,91,133,25038,36061,12071,275142.85714285716
36,061,12,105,FL,Polk County,87,179,7948,87,179,7948,36061,12105,91356.32183908045
36,061,12,127,FL,Volusia County,76,112,9788,76,112,9788,36061,12127,128789.47368421052
36,061,12,117,FL,Seminole County,69,114,5554,69,114,5554,36061,12117,80492.7536231884
36,061,12,101,FL,Pasco County,59,95,4770,59,95,4770,36061,12101,80847.45762711864
36,061,12,009,FL,Brevard County,47,65,3843,47,65,3843,36061,12009,81765.9574468085
36,061,12,081,FL,Manatee County,47,81,14264,47,81,14264,36061,12081,303489.3617021277
36,061,12,061,FL,Indian River County,42,67,41601,42,67,41601,36061,12061,990500.0
36,061,12,109,FL,St. Johns County,38,66,4744,38,66,4744,36061,12109,124842.1052631579
36,061,12,001,FL,Alachua County,33,54,5562,33,54,5562,36061,12001,168545.45454545456
36,061,12,111,FL,St. Lucie County,33,59,4494,33,59,4494,36061,12111,136181.81818181818
36,061,12,069,FL,Lake County,32,64,2046,32,64,2046,36061,12069,63937.5
36,061,12,085,FL,Martin County,29,42,4778,29,42,4778,36061,12085,164758.62068965516
36,061,12,073,FL,Leon County,28,39,2924,28,39,2924,36061,12073,104428.57142857143
36,061,12,083,FL,Marion County,27,47,2662,27,47,2662,36061,12083,98592.5925925926
36,061,12,087,FL,Monroe County,21,26,2866,21,26,2866,36061,12087,136476.19047619047
36,061,12,053,FL,Hernando County,20,32,710,20,32,710,36061,12053,35500.0
36,063,12,057,FL,Hillsborough County,31,56,2278,31,56,2278,36063,12057,73483.87096774194
36,063,12,103,FL,Pinellas County,29,43,1781,29,43,1781,36063,12103,61413.793103448275
36,063,12,071,FL,Lee County,25,45,3034,25,45,3034,36063,12071,121360.0
36,063,12,115,FL,Sarasota County,23,37,3453,23,37,3453,36063,12115,150130.4347826087
36,065,12,103,FL,Pinellas County,33,46,2906,33,46,2906,36065,12103,88060.60606060606
36,065,12,127,FL,Volusia County,28,52,1561,28,52,1561,36065,12127,55750.0
36,065,12,057,FL,Hillsborough County,27,40,1005,27,40,1005,36065,12057,37222.22222222222
36,065,12,031,FL,Duval County,25,47,1220,25,47,1220,36065,12031,48800.0
36,065,12,009,FL,Brevard County,21,34,1103,21,34,1103,36065,12009,52523.80952380953
36,065,12,011,FL,Broward County,21,30,2240,21,30,2240,36065,12011,106666.66666666667
36,067,12,057,FL,Hillsborough County,118,202,10899,118,202,10899,36067,12057,92364.40677966102
36,067,12,071,FL,Lee County,66,115,7446,66,115,7446,36067,12071,112818.18181818182
36,067,12,103,FL,Pinellas County,59,92,6331,59,92,6331,36067,12103,107305.08474576271
36,067,12,009,FL,Brevard County,55,85,4348,55,85,4348,36067,12009,79054.54545454546
36,067,12,115,FL,Sarasota County,55,96,12999,55,96,12999,36067,12115,236345.45454545456
36,067,12,127,FL,Volusia County,51,90,6076,51,90,6076,36067,12127,119137.25490196078
36,067,12,095,FL,Orange County,49,81,3405,49,81,3405,36067,12095,69489.79591836735
36,067,12,086,FL,Miami-Dade County,48,66,3092,48,66,3092,36067,12086,64416.666666666664
36,067,12,099,FL,Palm Beach County,48,76,14947,48,76,14947,36067,12099,311395.8333333333
36,067,12,105,FL,Polk County,47,96,3801,47,96,3801,36067,12105,80872.34042553192
36,067,12,021,FL,Collier County,43,67,13213,43,67,13213,36067,12021,307279.06976744183
36,067,12,011,FL,Broward County,38,66,3788,38,66,3788,36067,12011,99684.21052631579
36,067,12,031,FL,Duval County,33,66,1979,33,66,1979,36067,12031,59969.69696969697
36,067,12,083,FL,Marion County,30,51,1715,30,51,1715,36067,12083,57166.666666666664
36,067,12,101,FL,Pasco County,29,55,2248,29,55,2248,36067,12101,77517.24137931035
36,067,12,111,FL,St. Lucie County,24,37,3197,24,37,3197,36067,12111,133208.33333333334
36,067,12,081,FL,Manatee County,23,44,2461,23,44,2461,36067,12081,107000.0
36,067,12,069,FL,Lake County,21,38,1887,21,38,1887,36067,12069,89857.14285714286
36,067,12,015,FL,Charlotte County,20,31,1942,20,31,1942,36067,12015,97100.0
36,071,12,099,FL,Palm Beach County,116,180,12924,116,180,12924,36071,12099,111413.79310344828
36,071,12,057,FL,Hillsborough County,81,154,6292,81,154,6292,36071,12057,77679.01234567902
36,071,12,011,FL,Broward County,73,105,7954,73,105,7954,36071,12011,108958.90410958904
36,071,12,101,FL,Pasco County,60,120,4692,60,120,4692,36071,12101,78200.0
36,071,12,111,FL,St. Lucie County,60,100,6518,60,100,6518,36071,12111,108633.33333333333
36,071,12,105,FL,Polk County,59,120,4775,59,120,4775,36071,12105,80932.20338983051
36,071,12,095,FL,Orange County,58,100,4050,58,100,4050,36071,12095,69827.58620689655
36,071,12,071,FL,Lee County,50,90,6212,50,90,6212,36071,12071,124240.0
36,071,12,115,FL,Sarasota County,49,100,5817,49,100,5817,36071,12115,118714.28571428571
36,071,12,009,FL,Brevard County,47,81,3303,47,81,3303,36071,12009,70276.59574468085
36,071,12,103,FL,Pinellas County,46,64,3259,46,64,3259,36071,12103,70847.82608695653
36,071,12,127,FL,Volusia County,43,70,3057,43,70,3057,36071,12127,71093.02325581395
36,071,12,086,FL,Miami-Dade County,39,58,2531,39,58,2531,36071,12086,64897.4358974359
36,071,12,097,FL,Osceola County,38,70,2129,38,70,2129,36071,12097,56026.31578947369
36,071,12,081,FL,Manatee County,34,64,3867,34,64,3867,36071,12081,113735.29411764706
36,071,12,021,FL,Collier County,32,56,9016,32,56,9016,36071,12021,281750.0
36,071,12,109,FL,St. Johns County,31,68,3614,31,68,3614,36071,12109,116580.64516129032
36,071,12,069,FL,Lake County,30,49,1650,30,49,1650,36071,12069,55000.0
36,071,12,117,FL,Seminole County,28,64,1333,28,64,1333,36071,12117,47607.142857142855
36,071,12,015,FL,Charlotte County,25,45,2376,25,45,2376,36071,12015,95040.0
36,071,12,083,FL,Marion County,24,43,1691,24,43,1691,36071,12083,70458.33333333333
36,071,12,035,FL,Flagler County,23,53,2738,23,53,2738,36071,12035,119043.47826086957
36,071,12,031,FL,Duval County,21,33,909,21,33,909,36071,12031,43285.71428571428
36,071,12,061,FL,Indian River County,21,36,1580,21,36,1580,36071,12061,75238.09523809524
36,071,12,119,FL,Sumter County,21,38,2816,21,38,2816,36071,12119,134095.2380952381
36,071,12,053,FL,Hernando County,20,39,1174,20,39,1174,36071,12053,58700.0
36,079,12,099,FL,Palm Beach County,39,85,5914,39,85,5914,36079,12099,151641.02564102566
36,079,12,011,FL,Broward County,25,41,1549,25,41,1549,36079,12011,61960.0
36,081,12,011,FL,Broward County,878,1453,57486,878,1453,57486,36081,12011,65473.80410022779
36,081,12,086,FL,Miami-Dade County,826,1243,73611,826,1243,73611,36081,12086,89117.43341404358
36,081,12,099,FL,Palm Beach County,719,1254,76081,719,1254,76081,36081,12099,105815.02086230877
36,081,12,095,FL,Orange County,682,1265,40057,682,1265,40057,36081,12095,58734.604105571845
36,081,12,057,FL,Hillsborough County,410,730,35611,410,730,35611,36081,12057,86856.09756097561
36,081,12,097,FL,Osceola County,389,748,22198,389,748,22198,36081,12097,57064.26735218509
36,081,12,105,FL,Polk County,285,524,15992,285,524,15992,36081,12105,56112.28070175439
36,081,12,103,FL,Pinellas County,175,273,14240,175,273,14240,36081,12103,81371.42857142857
36,081,12,117,FL,Seminole County,166,292,9202,166,292,9202,36081,12117,55433.73493975904
36,081,12,031,FL,Duval County,159,282,8426,159,282,8426,36081,12031,52993.7106918239
36,081,12,071,FL,Lee County,158,286,13140,158,286,13140,36081,12071,83164.55696202532
36,081,12,101,FL,Pasco County,157,332,15390,157,332,15390,36081,12101,98025.47770700637
36,081,12,069,FL,Lake County,149,281,12341,149,281,12341,36081,12069,82825.5033557047
36,081,12,111,FL,St. Lucie County,133,228,10702,133,228,10702,36081,12111,80466.16541353383
36,081,12,021,FL,Collier County,114,203,13738,114,203,13738,36081,12021,120508.77192982456
36,081,12,009,FL,Brevard County,108,192,8881,108,192,8881,36081,12009,82231.48148148147
36,081,12,083,FL,Marion County,104,190,7792,104,190,7792,36081,12083,74923.07692307692
36,081,12,115,FL,Sarasota County,100,172,11084,100,172,11084,36081,12115,110840.0
36,081,12,127,FL,Volusia County,82,153,4236,82,153,4236,36081,12127,51658.53658536585
36,081,12,081,FL,Manatee County,70,110,6475,70,110,6475,36081,12081,92500.0
36,081,12,109,FL,St. Johns County,53,123,5877,53,123,5877,36081,12109,110886.7924528302
36,081,12,053,FL,Hernando County,34,53,2334,34,53,2334,36081,12053,68647.05882352941
36,081,12,035,FL,Flagler County,30,58,1865,30,58,1865,36081,12035,62166.666666666664
36,081,12,085,FL,Martin County,27,39,2945,27,39,2945,36081,12085,109074.07407407407
36,081,12,019,FL,Clay County,26,46,1762,26,46,1762,36081,12019,67769.23076923077
36,081,12,119,FL,Sumter County,25,32,4255,25,32,4255,36081,12119,170200.0
36,081,12,001,FL,Alachua County,24,42,2217,24,42,2217,36081,12001,92375.0
36,083,12,127,FL,Volusia County,24,37,1695,24,37,1695,36083,12127,70625.0
36,083,12,103,FL,Pinellas County,21,31,1606,21,31,1606,36083,12103,76476.19047619047
36,085,12,099,FL,Palm Beach County,216,369,28865,216,369,28865,36085,12099,133634.25925925927
36,085,12,011,FL,Broward County,163,271,17156,163,271,17156,36085,12011,105251.53374233129
36,085,12,057,FL,Hillsborough County,101,178,7634,101,178,7634,36085,12057,75584.15841584158
36,085,12,095,FL,Orange County,95,190,7643,95,190,7643,36085,12095,80452.63157894737
36,085,12,086,FL,Miami-Dade County,92,140,9310,92,140,9310,36085,12086,101195.65217391304
36,085,12,101,FL,Pasco County,65,136,4955,65,136,4955,36085,12101,76230.76923076923
36,085,12,071,FL,Lee County,64,108,7001,64,108,7001,36085,12071,109390.625
36,085,12,111,FL,St. Lucie County,61,113,5812,61,113,5812,36085,12111,95278.68852459016
36,085,12,115,FL,Sarasota County,60,113,5746,60,113,5746,36085,12115,95766.66666666667
36,085,12,105,FL,Polk County,57,113,3925,57,113,3925,36085,12105,68859.64912280702
36,085,12,081,FL,Manatee County,55,117,6591,55,117,6591,36085,12081,119836.36363636363
36,085,12,021,FL,Collier County,54,109,9466,54,109,9466,36085,12021,175296.2962962963
36,085,12,103,FL,Pinellas County,47,69,3622,47,69,3622,36085,12103,77063.82978723405
36,085,12,097,FL,Osceola County,43,84,2458,43,84,2458,36085,12097,57162.79069767442
36,085,12,109,FL,St. Johns County,38,108,4447,38,108,4447,36085,12109,117026.31578947368
36,085,12,053,FL,Hernando County,32,49,1765,32,49,1765,36085,12053,55156.25
36,085,12,127,FL,Volusia County,31,45,2163,31,45,2163,36085,12127,69774.19354838709
36,085,12,117,FL,Seminole County,29,49,2020,29,49,2020,36085,12117,69655.1724137931
36,085,12,069,FL,Lake County,26,61,2114,26,61,2114,36085,12069,81307.69230769231
36,085,12,031,FL,Duval County,23,42,1546,23,42,1546,36085,12031,67217.39130434782
36,085,12,035,FL,Flagler County,20,40,2017,20,40,2017,36085,12035,100850.0
36,087,12,099,FL,Palm Beach County,190,347,49162,190,347,49162,36087,12099,258747.36842105264
36,087,12,011,FL,Broward County,96,181,10661,96,181,10661,36087,12011,111052.08333333333
36,087,12,086,FL,Miami-Dade County,55,85,7638,55,85,7638,36087,12086,138872.72727272726
36,087,12,095,FL,Orange County,53,98,4165,53,98,4165,36087,12095,78584.90566037736
36,087,12,057,FL,Hillsborough County,50,91,5412,50,91,5412,36087,12057,108240.0
36,087,12,071,FL,Lee County,38,52,4334,38,52,4334,36087,12071,114052.63157894737
36,087,12,115,FL,Sarasota County,38,64,6613,38,64,6613,36087,12115,174026.31578947368
36,087,12,103,FL,Pinellas County,32,53,4171,32,53,4171,36087,12103,130343.75
36,087,12,101,FL,Pasco County,30,64,3170,30,64,3170,36087,12101,105666.66666666667
36,087,12,097,FL,Osceola County,29,49,1382,29,49,1382,36087,12097,47655.1724137931
36,087,12,111,FL,St. Lucie County,27,57,2583,27,57,2583,36087,12111,95666.66666666667
36,087,12,127,FL,Volusia County,26,41,2018,26,41,2018,36087,12127,77615.38461538461
36,087,12,105,FL,Polk County,25,50,2107,25,50,2107,36087,12105,84280.0
36,087,12,109,FL,St. Johns County,20,47,3062,20,47,3062,36087,12109,153100.0
36,091,12,071,FL,Lee County,47,83,10244,47,83,10244,36091,12071,217957.44680851063
36,091,12,103,FL,Pinellas County,41,66,5496,41,66,5496,36091,12103,134048.78048780488
36,091,12,099,FL,Palm Beach County,40,70,20568,40,70,20568,36091,12099,514200.0
36,091,12,057,FL,Hillsborough County,35,53,3430,35,53,3430,36091,12057,98000.0
36,091,12,115,FL,Sarasota County,35,66,4734,35,66,4734,36091,12115,135257.14285714287
36,091,12,095,FL,Orange County,26,42,1662,26,42,1662,36091,12095,63923.07692307692
36,091,12,127,FL,Volusia County,26,42,1687,26,42,1687,36091,12127,64884.61538461538
36,091,12,011,FL,Broward County,25,44,2179,25,44,2179,36091,12011,87160.0
36,091,12,083,FL,Marion County,24,43,1287,24,43,1287,36091,12083,53625.0
36,091,12,031,FL,Duval County,23,37,2011,23,37,2011,36091,12031,87434.78260869565
36,091,12,009,FL,Brevard County,22,40,3464,22,40,3464,36091,12009,157454.54545454544
36,091,12,109,FL,St. Johns County,21,43,3694,21,43,3694,36091,12109,175904.7619047619
36,093,12,095,FL,Orange County,26,55,4849,26,55,4849,36093,12095,186500.0
36,093,12,103,FL,Pinellas County,25,38,1425,25,38,1425,36093,12103,57000.0
36,093,12,071,FL,Lee County,23,32,2357,23,32,2357,36093,12071,102478.26086956522
36,093,12,127,FL,Volusia County,20,38,1284,20,38,1284,36093,12127,64200.0
36,103,12,099,FL,Palm Beach County,922,1513,310492,922,1513,310492,36103,12099,336759.2190889371
36,103,12,011,FL,Broward County,396,605,44673,396,605,44673,36103,12011,112810.60606060606
36,103,12,057,FL,Hillsborough County,305,498,23112,305,498,23112,36103,12057,75777.04918032787
36,103,12,086,FL,Miami-Dade County,275,429,102842,275,429,102842,36103,12086,373970.9090909091
36,103,12,071,FL,Lee County,263,473,39576,263,473,39576,36103,12071,150479.0874524715
36,103,12,095,FL,Orange County,250,461,20808,250,461,20808,36103,12095,83232.0
36,103,12,111,FL,St. Lucie County,244,417,26877,244,417,26877,36103,12111,110151.6393442623
36,103,12,103,FL,Pinellas County,232,347,22491,232,347,22491,36103,12103,96943.96551724138
36,103,12,101,FL,Pasco County,214,397,17024,214,397,17024,36103,12101,79551.40186915887
36,103,12,115,FL,Sarasota County,198,362,32915,198,362,32915,36103,12115,166237.37373737374
36,103,12,009,FL,Brevard County,195,316,16521,195,316,16521,36103,12009,84723.07692307692
36,103,12,021,FL,Collier County,182,346,64621,182,346,64621,36103,12021,355060.43956043955
36,103,12,081,FL,Manatee County,182,328,18706,182,328,18706,36103,12081,102780.21978021978
36,103,12,127,FL,Volusia County,181,275,14117,181,275,14117,36103,12127,77994.47513812155
36,103,12,109,FL,St. Johns County,152,361,21346,152,361,21346,36103,12109,140434.2105263158
36,103,12,097,FL,Osceola County,141,263,10262,141,263,10262,36103,12097,72780.14184397164
36,103,12,105,FL,Polk County,139,241,8902,139,241,8902,36103,12105,64043.1654676259
36,103,12,085,FL,Martin County,123,210,18179,123,210,18179,36103,12085,147796.74796747966
36,103,12,061,FL,Indian River County,118,210,17717,118,210,17717,36103,12061,150144.06779661018
36,103,12,083,FL,Marion County,116,223,9136,116,223,9136,36103,12083,78758.62068965517
36,103,12,035,FL,Flagler County,112,194,8038,112,194,8038,36103,12035,71767.85714285714
36,103,12,053,FL,Hernando County,112,184,8334,112,184,8334,36103,12053,74410.71428571429
36,103,12,069,FL,Lake County,112,210,9632,112,210,9632,36103,12069,86000.0
36,103,12,031,FL,Duval County,111,168,6236,111,168,6236,36103,12031,56180.18018018018
36,103,12,117,FL,Seminole County,100,179,6898,100,179,6898,36103,12117,68980.0
36,103,12,119,FL,Sumter County,99,156,14103,99,156,14103,36103,12119,142454.54545454544
36,103,12,015,FL,Charlotte County,80,128,7707,80,128,7707,36103,12015,96337.5
36,103,12,017,FL,Citrus County,41,70,4145,41,70,4145,36103,12017,101097.56097560975
36,103,12,019,FL,Clay County,36,67,2534,36,67,2534,36103,12019,70388.88888888889
36,105,12,099,FL,Palm Beach County,25,36,2124,25,36,2124,36105,12099,84960.0
36,111,12,099,FL,Palm Beach County,44,63,3899,44,63,3899,36111,12099,88613.63636363637
36,111,12,103,FL,Pinellas County,27,35,2967,27,35,2967,36111,12103,109888.88888888889
36,111,12,057,FL,Hillsborough County,26,38,1963,26,38,1963,36111,12057,75500.0
36,111,12,011,FL,Broward County,25,36,1469,25,36,1469,36111,12011,58760.0
36,111,12,071,FL,Lee County,22,40,1985,22,40,1985,36111,12071,90227.27272727272
36,111,12,127,FL,Volusia County,20,31,1153,20,31,1153,36111,12127,57650.0
36,119,12,099,FL,Palm Beach County,515,885,270314,515,885,270314,36119,12099,524881.5533980583
36,119,12,011,FL,Broward County,290,497,54791,290,497,54791,36119,12011,188934.4827586207
36,119,12,086,FL,Miami-Dade County,239,380,119080,239,380,119080,36119,12086,498242.67782426777
36,119,12,095,FL,Orange County,181,334,18383,181,334,18383,36119,12095,101563.53591160222
36,119,12,057,FL,Hillsborough County,158,278,17728,158,278,17728,36119,12057,112202.53164556962
36,119,12,105,FL,Polk County,112,202,7702,112,202,7702,36119,12105,68767.85714285714
36,119,12,097,FL,Osceola County,92,161,4005,92,161,4005,36119,12097,43532.608695652176
36,119,12,021,FL,Collier County,88,163,26981,88,163,26981,36119,12021,306602.2727272727
36,119,12,115,FL,Sarasota County,85,164,17030,85,164,17030,36119,12115,200352.9411764706
36,119,12,071,FL,Lee County,80,138,22930,80,138,22930,36119,12071,286625.0
36,119,12,103,FL,Pinellas County,78,132,11208,78,132,11208,36119,12103,143692.3076923077
36,119,12,111,FL,St. Lucie County,74,130,8107,74,130,8107,36119,12111,109554.05405405405
36,119,12,081,FL,Manatee County,62,111,10965,62,111,10965,36119,12081,176854.83870967742
36,119,12,101,FL,Pasco County,62,108,8260,62,108,8260,36119,12101,133225.8064516129
36,119,12,109,FL,St. Johns County,60,133,10272,60,133,10272,36119,12109,171200.0
36,119,12,031,FL,Duval County,59,94,7001,59,94,7001,36119,12031,118661.01694915254
36,119,12,009,FL,Brevard County,56,98,5624,56,98,5624,36119,12009,100428.57142857143
36,119,12,127,FL,Volusia County,52,92,3761,52,92,3761,36119,12127,72326.92307692308
36,119,12,117,FL,Seminole County,44,87,4164,44,87,4164,36119,12117,94636.36363636363
36,119,12,061,FL,Indian River County,34,56,16660,34,56,16660,36119,12061,490000.0
36,119,12,069,FL,Lake County,33,69,2465,33,69,2465,36119,12069,74696.9696969697
36,119,12,035,FL,Flagler County,32,61,4957,32,61,4957,36119,12035,154906.25
36,119,12,083,FL,Marion County,30,49,2745,30,49,2745,36119,12083,91500.0
36,119,12,085,FL,Martin County,28,54,10975,28,54,10975,36119,12085,391964.28571428574
36,119,12,015,FL,Charlotte County,23,38,3689,23,38,3689,36119,12015,160391.30434782608
